{
  "lSlon":         0.964,
  "lPlon":         0.964,
  "lPpar":         0.964,
  "lPper":         0.964,
  "pSlon":        -0.058,
  "pPlon":        -0.058,
  "pPpar":        -0.058,
  "pPper":        -0.058,
  "DGd":           0,
  "DGsd":          0.0034801,
  "DGs":           0,
  "Gd":            0.65789,
  "DM":            17.8,
  "ASlon1":        0.426,
  "ASlon2":        0.059,
  "ASlon3":        0.0101,
  "ASlon4":        0.0103,
  "ASlon5":        0.049,
  "ASlon6":        0.193,
  "APlon":         0.5241,
  "APper":         0.2504,
  "dPlon":         0,
  "dPpar":         3.26,
  "dPper":         3.08,
  "dSlon1":        3.92,
  "dSlon2":        5.23,
  "dSlon3":        3.55,
  "dSlon4":        2.74,
  "dSlon5":        2.49,
  "dSlon6":        2.18,
  "CSP1":          0.8569,
  "CSP2":          0.8768,
  "CSP3":          0.8478,
  "CSP4":          0.8821,
  "CSP5":          0.9406,
  "CSP6":          0.9711
}
