{
  "lSlon":         0.964,
  "lPlon":         0.964,
  "lPpar":         0.964,
  "lPper":         0.964,
  "phisSlon":     -0.058,
  "phisPlon":     -0.058,
  "phisPpar":     -0.058,
  "phisPper":     -0.058,
  "DGd":           0,
  "DGsd":          0.0034801,
  "DGs":           0,
  "Gd":            0.65789,
  "DM":            17.8,
  "APlon":         0.5241,
  "APper":         0.2504,
  "deltaPlon":     0,
  "deltaPpar":     3.26,
  "deltaPper":     3.08,
  "ASlon1":        0.426,
  "CSP1":          0.8569,
  "deltaSlon1":   -2.24,
  "ASlon2":        0.059,
  "CSP2":          0.8768,
  "deltaSlon2":   -0.93,
  "ASlon3":        0.0101,
  "CSP3":          0.8478,
  "deltaSlon3":   -2.61,
  "ASlon4":        0.0103,
  "CSP4":          0.8821,
  "deltaSlon4":   -3.42,
  "ASlon5":        0.049,
  "CSP5":          0.9406,
  "deltaSlon5":   -3.67,
  "ASlon6":        0.193,
  "CSP6":          0.9711,
  "deltaSlon6":   -3.98
}
