{
  "lSlon":         1.0,
  "lPlon":         0.964,
  "lPpar":         1.0,
  "lPper":         1.0,
  "pSlon":        -0.0,
  "pPlon":        -0.058,
  "pPpar":        -0.0,
  "pPper":        -0.0,
  "DGd":           0,
  "DGsd":          0.0034801,
  "DGs":           0,
  "Gd":            0.65789,
  "DM":            17.8,
  "fSlon1":        0.426,
  "fSlon2":        0.059,
  "fSlon3":        0.0101,
  "fSlon4":        0.0103,
  "fSlon5":        0.049,
  "fSlon6":        0.193,
  "fPlon":         0.5241,
  "fPper":         0.2504,
  "dPlon":         0,
  "dPpar":         3.26,
  "dPper":         3.08,
  "dSlon1":        0.84,
  "dSlon2":        2.15,
  "dSlon3":        0.47,
  "dSlon4":        -0.34,
  "dSlon5":        -0.59,
  "dSlon6":        -0.90,
  "CSP1":          0.8569,
  "CSP2":          0.8768,
  "CSP3":          0.8478,
  "CSP4":          0.8821,
  "CSP5":          0.9406,
  "CSP6":          0.9711
}
