{
  "lSlon":        1.000000000000000
  "lPlon":        1.018950235394731
  "lPpar":        1.000000000000000
  "lPper":        1.000000000000000
  "pSlon":        0.000000000000000
  "pPlon":        -0.108150182197282
  "pPpar":        0.000000000000000
  "pPper":        0.000000000000000
  "DGd":          0.000000000000000
  "DGsd":         -0.004525591847631
  "DGs":          0.079986596410614
  "Gd":           0.657890000000000
  "DM":           17.711267227922548
  "fPlon":        0.518842134230247
  "fPper":        0.244804087964757
  "dPlon":        0
  "dPpar":        3.085932285176906
  "dPper":        2.637661487900372
  "fSlon1":       0.476738096687121
  "dSlon1":       2.327016834780738
  "CSP1":         0.846300000000000
  "fSlon2":       0.038642852828014
  "dSlon2":       1.613341878702634
  "CSP2":         0.875600000000000
  "fSlon3":       0.005389600268445
  "dSlon3":       0.988488315852737
  "CSP3":         0.847800000000000
  "fSlon4":       0.011211413496463
  "dSlon4":       -0.203071282547191
  "CSP4":         0.883300000000000
  "fSlon5":       0.072529506148653
  "dSlon5":       -0.471058037786382
  "CSP5":         0.941500000000000
  "fSlon6":       0.146430540799887
  "dSlon6":       -1.126297437391843
  "CSP6":         0.975600000000000
}
