{
  "lSlon":        1.000000000000000
  "lPlon":        1.018317216240648
  "lPpar":        1.000000000000000
  "lPper":        1.000000000000000
  "pSlon":        0.000000000000000
  "pPlon":        -0.106740405253554
  "pPpar":        0.000000000000000
  "pPper":        0.000000000000000
  "DGd":          0.000000000000000
  "DGsd":         -0.004501048173173
  "DGs":          0.079949407833430
  "Gd":           0.657890000000000
  "DM":           17.712633490557664
  "fPlon":        0.518062622932912
  "fPper":        0.245071486829644
  "dPlon":        0
  "dPpar":        3.084830284593155
  "dPper":        2.642002080356342
  "fSlon1":       0.477843185219366
  "dSlon1":       2.329404601421539
  "CSP1":         0.846300000000000
  "fSlon2":       0.038515329599099
  "dSlon2":       1.613459589734013
  "CSP2":         0.875600000000000
  "fSlon3":       0.005375081874747
  "dSlon3":       0.969807640179726
  "CSP3":         0.847800000000000
  "fSlon4":       0.011598802356437
  "dSlon4":       -0.209909743854009
  "CSP4":         0.883300000000000
  "fSlon5":       0.073249795195818
  "dSlon5":       -0.473211940251996
  "CSP5":         0.941500000000000
  "fSlon6":       0.147190301531787
  "dSlon6":       -1.128487465582729
  "CSP6":         0.975600000000000
}
