{
  "lSlon":        1.000000000000000
  "lPlon":        1.018198983020267
  "lPpar":        1.000000000000000
  "lPper":        1.000000000000000
  "pSlon":        0.000000000000000
  "pPlon":        -0.108423060458579
  "pPpar":        0.000000000000000
  "pPper":        0.000000000000000
  "DGd":          0.000000000000000
  "DGsd":         -0.004525596835942
  "DGs":          0.080027163392457
  "Gd":           0.657890000000000
  "DM":           17.711367927913184
  "fPlon":        0.518725502084250
  "fPper":        0.244859205905997
  "dPlon":        0
  "dPpar":        3.086380323704429
  "dPper":        2.637606153292658
  "fSlon1":       0.476915070273943
  "dSlon1":       2.327290490899045
  "CSP1":         0.846300000000000
  "fSlon2":       0.038651331117085
  "dSlon2":       1.617912776430837
  "CSP2":         0.875600000000000
  "fSlon3":       0.005376922131033
  "dSlon3":       0.989762342077585
  "CSP3":         0.847800000000000
  "fSlon4":       0.011276885118529
  "dSlon4":       -0.202856331756048
  "CSP4":         0.883300000000000
  "fSlon5":       0.072633504222645
  "dSlon5":       -0.470875131491100
  "CSP5":         0.941500000000000
  "fSlon6":       0.146529764420815
  "dSlon6":       -1.126381442242960
  "CSP6":         0.975600000000000
}
