{
  "lSlon":        1.000000000000000
  "lPlon":        1.019601457590392
  "lPpar":        1.000000000000000
  "lPper":        1.000000000000000
  "pSlon":        0.000000000000000
  "pPlon":        -0.106049837726877
  "pPpar":        0.000000000000000
  "pPper":        0.000000000000000
  "DGd":          0.000000000000000
  "DGsd":         -0.004508431977321
  "DGs":          0.079897366992353
  "Gd":           0.657890000000000
  "DM":           17.712697923058489
  "fPlon":        0.518595319258836
  "fPper":        0.244895633726171
  "dPlon":        0
  "dPpar":        3.084376493610758
  "dPper":        2.642889785269469
  "fSlon1":       0.477368172916016
  "dSlon1":       2.328716564042310
  "CSP1":         0.846300000000000
  "fSlon2":       0.038490530510872
  "dSlon2":       1.604770682340308
  "CSP2":         0.875600000000000
  "fSlon3":       0.005403531539396
  "dSlon3":       0.967293427754180
  "CSP3":         0.847800000000000
  "fSlon4":       0.011480139314799
  "dSlon4":       -0.209996459074941
  "CSP4":         0.883300000000000
  "fSlon5":       0.073058041251532
  "dSlon5":       -0.473357390464246
  "CSP5":         0.941500000000000
  "fSlon6":       0.146939691197874
  "dSlon6":       -1.128323519959444
  "CSP6":         0.975600000000000
}
