{
  "lSlon":        1.000000000000000
  "lPlon":        1.018125010928572
  "lPpar":        1.000000000000000
  "lPper":        1.000000000000000
  "pSlon":        0.000000000000000
  "pPlon":        -0.106931539378794
  "pPpar":        0.000000000000000
  "pPper":        0.000000000000000
  "DGd":          0.000000000000000
  "DGsd":         -0.004509828960708
  "DGs":          0.079966094031657
  "Gd":           0.657890000000000
  "DM":           17.712470165676599
  "fPlon":        0.518520207373655
  "fPper":        0.244934326751126
  "dPlon":        0
  "dPpar":        3.084190598183374
  "dPper":        2.641193297689576
  "fSlon1":       0.477510944751315
  "dSlon1":       2.329343266372850
  "CSP1":         0.846300000000000
  "fSlon2":       0.038484405641133
  "dSlon2":       1.615032488891815
  "CSP2":         0.875600000000000
  "fSlon3":       0.005352611239230
  "dSlon3":       0.972790492644734
  "CSP3":         0.847800000000000
  "fSlon4":       0.011533052362505
  "dSlon4":       -0.209962424321025
  "CSP4":         0.883300000000000
  "fSlon5":       0.073104342671454
  "dSlon5":       -0.473412613314240
  "CSP5":         0.941500000000000
  "fSlon6":       0.147013421676757
  "dSlon6":       -1.128766854537379
  "CSP6":         0.975600000000000
}
