{
  "lSlon":        1.000000000000000
  "lPlon":        1.018195536083326
  "lPpar":        1.000000000000000
  "lPper":        1.000000000000000
  "pSlon":        0.000000000000000
  "pPlon":        -0.108457846381153
  "pPpar":        0.000000000000000
  "pPper":        0.000000000000000
  "DGd":          0.000000000000000
  "DGsd":         -0.004524619059071
  "DGs":          0.080023922172855
  "Gd":           0.657890000000000
  "DM":           17.711385764811787
  "fPlon":        0.518724797003864
  "fPper":        0.244863681844928
  "dPlon":        0
  "dPpar":        3.086354072106079
  "dPper":        2.637633797373764
  "fSlon1":       0.476921029525464
  "dSlon1":       2.327341397128058
  "CSP1":         0.846300000000000
  "fSlon2":       0.038659414328014
  "dSlon2":       1.618206975252420
  "CSP2":         0.875600000000000
  "fSlon3":       0.005380773295245
  "dSlon3":       0.989309121637342
  "CSP3":         0.847800000000000
  "fSlon4":       0.011273839635705
  "dSlon4":       -0.202974680187612
  "CSP4":         0.883300000000000
  "fSlon5":       0.072652073840726
  "dSlon5":       -0.470808803753434
  "CSP5":         0.941500000000000
  "fSlon6":       0.146531530357364
  "dSlon6":       -1.126316997594969
  "CSP6":         0.975600000000000
}
