{
  "lSlon":        1.000000000000000
  "lPlon":        1.018594821473647
  "lPpar":        1.000000000000000
  "lPper":        1.000000000000000
  "pSlon":        0.000000000000000
  "pPlon":        -0.106724370701764
  "pPpar":        0.000000000000000
  "pPper":        0.000000000000000
  "DGd":          0.000000000000000
  "DGsd":         -0.004507530209883
  "DGs":          0.079952830608590
  "Gd":           0.657890000000000
  "DM":           17.712494997137050
  "fPlon":        0.518368896957253
  "fPper":        0.244978204944738
  "dPlon":        0
  "dPpar":        3.084836098910412
  "dPper":        2.641871124599009
  "fSlon1":       0.477555395465397
  "dSlon1":       2.329267396874925
  "CSP1":         0.846300000000000
  "fSlon2":       0.038483930978951
  "dSlon2":       1.611644993626064
  "CSP2":         0.875600000000000
  "fSlon3":       0.005366857931700
  "dSlon3":       0.970618428477295
  "CSP3":         0.847800000000000
  "fSlon4":       0.011520623297885
  "dSlon4":       -0.210309196802187
  "CSP4":         0.883300000000000
  "fSlon5":       0.073109968905604
  "dSlon5":       -0.473493892359024
  "CSP5":         0.941500000000000
  "fSlon6":       0.147029036518736
  "dSlon6":       -1.128727911640023
  "CSP6":         0.975600000000000
}
