{
  "lSlon":        1.000000000000000
  "lPlon":        1.019328068216685
  "lPpar":        1.000000000000000
  "lPper":        1.000000000000000
  "pSlon":        0.000000000000000
  "pPlon":        -0.106210638630888
  "pPpar":        0.000000000000000
  "pPper":        0.000000000000000
  "DGd":          0.000000000000000
  "DGsd":         -0.004505348071798
  "DGs":          0.079935824105972
  "Gd":           0.657890000000000
  "DM":           17.712688349950376
  "fPlon":        0.518442838421908
  "fPper":        0.244970914595406
  "dPlon":        0
  "dPpar":        3.084281089097296
  "dPper":        2.642552458028309
  "fSlon1":       0.477618170186486
  "dSlon1":       2.328979401877606
  "CSP1":         0.846300000000000
  "fSlon2":       0.038520779993666
  "dSlon2":       1.606821772904985
  "CSP2":         0.875600000000000
  "fSlon3":       0.005411212961164
  "dSlon3":       0.966743398894868
  "CSP3":         0.847800000000000
  "fSlon4":       0.011560234742207
  "dSlon4":       -0.209477689264363
  "CSP4":         0.883300000000000
  "fSlon5":       0.073203280045831
  "dSlon5":       -0.472965358336401
  "CSP5":         0.941500000000000
  "fSlon6":       0.147094844077614
  "dSlon6":       -1.127867036939729
  "CSP6":         0.975600000000000
}
