{
  "lSlon":        1.000000000000000
  "lPlon":        1.018199888260764
  "lPpar":        1.000000000000000
  "lPper":        1.000000000000000
  "pSlon":        0.000000000000000
  "pPlon":        -0.108421405321384
  "pPpar":        0.000000000000000
  "pPper":        0.000000000000000
  "DGd":          0.000000000000000
  "DGsd":         -0.004525631173801
  "DGs":          0.080027290002465
  "Gd":           0.657890000000000
  "DM":           17.711368162854953
  "fPlon":        0.518725666686570
  "fPper":        0.244859051318854
  "dPlon":        0
  "dPpar":        3.086379692169789
  "dPper":        2.637607180571623
  "fSlon1":       0.476914776456739
  "dSlon1":       2.327289279765731
  "CSP1":         0.846300000000000
  "fSlon2":       0.038651333805034
  "dSlon2":       1.617891617443701
  "CSP2":         0.875600000000000
  "fSlon3":       0.005376859267212
  "dSlon3":       0.989771483204901
  "CSP3":         0.847800000000000
  "fSlon4":       0.011276911126032
  "dSlon4":       -0.202854446111235
  "CSP4":         0.883300000000000
  "fSlon5":       0.072633348902846
  "dSlon5":       -0.470875465035339
  "CSP5":         0.941500000000000
  "fSlon6":       0.146529534984193
  "dSlon6":       -1.126382538363780
  "CSP6":         0.975600000000000
}
