{
  "lSlon":        1.000000000000000
  "lPlon":        1.018195664945535
  "lPpar":        1.000000000000000
  "lPper":        1.000000000000000
  "pSlon":        0.000000000000000
  "pPlon":        -0.108457808425950
  "pPpar":        0.000000000000000
  "pPper":        0.000000000000000
  "DGd":          0.000000000000000
  "DGsd":         -0.004524621343254
  "DGs":          0.080023928594262
  "Gd":           0.657890000000000
  "DM":           17.711385498282127
  "fPlon":        0.518724771698296
  "fPper":        0.244863694161364
  "dPlon":        0
  "dPpar":        3.086354444547220
  "dPper":        2.637633299722980
  "fSlon1":       0.476921149274879
  "dSlon1":       2.327341388699458
  "CSP1":         0.846300000000000
  "fSlon2":       0.038659373886833
  "dSlon2":       1.618208647196042
  "CSP2":         0.875600000000000
  "fSlon3":       0.005380780767136
  "dSlon3":       0.989308085832350
  "CSP3":         0.847800000000000
  "fSlon4":       0.011273833990604
  "dSlon4":       -0.202974810392583
  "CSP4":         0.883300000000000
  "fSlon5":       0.072652101585058
  "dSlon5":       -0.470808427144719
  "CSP5":         0.941500000000000
  "fSlon6":       0.146531581633520
  "dSlon6":       -1.126316895833758
  "CSP6":         0.975600000000000
}
