{
  "lSlon":        1.000000000000000
  "lPlon":        1.018199092955808
  "lPpar":        1.000000000000000
  "lPper":        1.000000000000000
  "pSlon":        0.000000000000000
  "pPlon":        -0.108423103862652
  "pPpar":        0.000000000000000
  "pPper":        0.000000000000000
  "DGd":          0.000000000000000
  "DGsd":         -0.004525591047040
  "DGs":          0.080027140541806
  "Gd":           0.657890000000000
  "DM":           17.711367974222188
  "fPlon":        0.518725474837841
  "fPper":        0.244859226203732
  "dPlon":        0
  "dPpar":        3.086380355957019
  "dPper":        2.637606305178045
  "fSlon1":       0.476915124889179
  "dSlon1":       2.327290570766441
  "CSP1":         0.846300000000000
  "fSlon2":       0.038651346202950
  "dSlon2":       1.617913214767508
  "CSP2":         0.875600000000000
  "fSlon3":       0.005376938054154
  "dSlon3":       0.989760585840941
  "CSP3":         0.847800000000000
  "fSlon4":       0.011276889077783
  "dSlon4":       -0.202856421851462
  "CSP4":         0.883300000000000
  "fSlon5":       0.072633565009490
  "dSlon5":       -0.470874799945483
  "CSP5":         0.941500000000000
  "fSlon6":       0.146529810779058
  "dSlon6":       -1.126381037118735
  "CSP6":         0.975600000000000
}
