{
  "lSlon":        1.000000000000000
  "lPlon":        1.018214267861187
  "lPpar":        1.000000000000000
  "lPper":        1.000000000000000
  "pSlon":        0.000000000000000
  "pPlon":        -0.108416479908169
  "pPpar":        0.000000000000000
  "pPper":        0.000000000000000
  "DGd":          0.000000000000000
  "DGsd":         -0.004525354077609
  "DGs":          0.080025356137616
  "Gd":           0.657890000000000
  "DM":           17.711375010258450
  "fPlon":        0.518728719915293
  "fPper":        0.244858246168742
  "dPlon":        0
  "dPpar":        3.086369341680353
  "dPper":        2.637631564832256
  "fSlon1":       0.476913884871887
  "dSlon1":       2.327289542212427
  "CSP1":         0.846300000000000
  "fSlon2":       0.038653175001012
  "dSlon2":       1.617784751973060
  "CSP2":         0.875600000000000
  "fSlon3":       0.005377903510407
  "dSlon3":       0.989648698306546
  "CSP3":         0.847800000000000
  "fSlon4":       0.011276246460110
  "dSlon4":       -0.202867497398281
  "CSP4":         0.883300000000000
  "fSlon5":       0.072634271823155
  "dSlon5":       -0.470871444601486
  "CSP5":         0.941500000000000
  "fSlon6":       0.146529556423875
  "dSlon6":       -1.126373568481939
  "CSP6":         0.975600000000000
}
