{
  "lSlon":        1.000000000000000
  "lPlon":        1.016339975373241
  "lPpar":        1.000000000000000
  "lPper":        1.000000000000000
  "pSlon":        0.000000000000000
  "pPlon":        -0.107795221957127
  "pPpar":        0.000000000000000
  "pPper":        0.000000000000000
  "DGd":          0.000000000000000
  "DGsd":         -0.004508268162356
  "DGs":          0.079825665086726
  "Gd":           0.657890000000000
  "DM":           17.711061668293016
  "fPlon":        0.512302496834620
  "fPper":        0.247860458841146
  "dPlon":        0
  "dPpar":        3.086589560149331
  "dPper":        2.641715347963153
  "fSlon1":       0.473636993245725
  "dSlon1":       2.329585748289145
  "CSP1":         0.846300000000000
  "fSlon2":       0.036897622409054
  "dSlon2":       1.618309392864892
  "CSP2":         0.875600000000000
  "fSlon3":       0.004675710285876
  "dSlon3":       1.041924694708321
  "CSP3":         0.847800000000000
  "fSlon4":       0.009064721835365
  "dSlon4":       -0.232998775839150
  "CSP4":         0.883300000000000
  "fSlon5":       0.067939705215602
  "dSlon5":       -0.488282944128672
  "CSP5":         0.941500000000000
  "fSlon6":       0.142896859491942
  "dSlon6":       -1.144196223432741
  "CSP6":         0.975600000000000
}
