{
  "lSlon":        1.000000000000000
  "lPlon":        1.018197480349956
  "lPpar":        1.000000000000000
  "lPper":        1.000000000000000
  "pSlon":        0.000000000000000
  "pPlon":        -0.108426071920429
  "pPpar":        0.000000000000000
  "pPper":        0.000000000000000
  "DGd":          0.000000000000000
  "DGsd":         -0.004525448711058
  "DGs":          0.080026409828643
  "Gd":           0.657890000000000
  "DM":           17.711371918879031
  "fPlon":        0.518725215474889
  "fPper":        0.244859480669904
  "dPlon":        0
  "dPpar":        3.086375893884252
  "dPper":        2.637614050843251
  "fSlon1":       0.476915717047499
  "dSlon1":       2.327292698041353
  "CSP1":         0.846300000000000
  "fSlon2":       0.038652263901296
  "dSlon2":       1.617914872123390
  "CSP2":         0.875600000000000
  "fSlon3":       0.005377131991129
  "dSlon3":       0.989738383961983
  "CSP3":         0.847800000000000
  "fSlon4":       0.011276910360171
  "dSlon4":       -0.202859949045916
  "CSP4":         0.883300000000000
  "fSlon5":       0.072633869480978
  "dSlon5":       -0.470873775028802
  "CSP5":         0.941500000000000
  "fSlon6":       0.146530232684273
  "dSlon6":       -1.126380404817272
  "CSP6":         0.975600000000000
}
