{
  "lSlon":        1.000000000000000
  "lPlon":        1.018195552424506
  "lPpar":        1.000000000000000
  "lPper":        1.000000000000000
  "pSlon":        0.000000000000000
  "pPlon":        -0.108457832190105
  "pPpar":        0.000000000000000
  "pPper":        0.000000000000000
  "DGd":          0.000000000000000
  "DGsd":         -0.004524618614474
  "DGs":          0.080023920906237
  "Gd":           0.657890000000000
  "DM":           17.711385810664733
  "fPlon":        0.518724801816995
  "fPper":        0.244863678999795
  "dPlon":        0
  "dPpar":        3.086354005292064
  "dPper":        2.637633914149664
  "fSlon1":       0.476921097947108
  "dSlon1":       2.327341436703827
  "CSP1":         0.846300000000000
  "fSlon2":       0.038659422758415
  "dSlon2":       1.618206352278689
  "CSP2":         0.875600000000000
  "fSlon3":       0.005380773580285
  "dSlon3":       0.989309101089932
  "CSP3":         0.847800000000000
  "fSlon4":       0.011273841163864
  "dSlon4":       -0.202974650823269
  "CSP4":         0.883300000000000
  "fSlon5":       0.072652073783324
  "dSlon5":       -0.470808805101639
  "CSP5":         0.941500000000000
  "fSlon6":       0.146531525005813
  "dSlon6":       -1.126317008628800
  "CSP6":         0.975600000000000
}
