{
  "lSlon":        1.000000000000000
  "lPlon":        1.016799490813385
  "lPpar":        1.000000000000000
  "lPper":        1.000000000000000
  "pSlon":        0.000000000000000
  "pPlon":        -0.109468551169422
  "pPpar":        0.000000000000000
  "pPper":        0.000000000000000
  "DGd":          0.000000000000000
  "DGsd":         -0.004520295011639
  "DGs":          0.079902261725801
  "Gd":           0.657890000000000
  "DM":           17.709724508996668
  "fPlon":        0.512541436137258
  "fPper":        0.247796809179041
  "dPlon":        0
  "dPpar":        3.088045477648576
  "dPper":        2.637513413188481
  "fSlon1":       0.473156516574591
  "dSlon1":       2.327832850551620
  "CSP1":         0.846300000000000
  "fSlon2":       0.037061589305578
  "dSlon2":       1.619825914394730
  "CSP2":         0.875600000000000
  "fSlon3":       0.004726886237440
  "dSlon3":       1.055222256201692
  "CSP3":         0.847800000000000
  "fSlon4":       0.008872200912457
  "dSlon4":       -0.225618125573813
  "CSP4":         0.883300000000000
  "fSlon5":       0.067568158877522
  "dSlon5":       -0.485718448610409
  "CSP5":         0.941500000000000
  "fSlon6":       0.142515903747848
  "dSlon6":       -1.141416828913306
  "CSP6":         0.975600000000000
}
