{
  "lSlon":        1.0,
  "lPlon":        1.0,
  "lPpar":        1.0,
  "lPper":        1.0,
  "pSlon":        0.0,
  "pPlon":       -0.03,
  "pPpar":        0.0,
  "pPper":        0.0,
  "DGd":          0,
  "DGsd":         0.003486,
  "DGs":          0.085430,
  "Gd":           0.657890,
  "DM":           17.8,
  "fPlon":        0.524176,
  "fPper":        0.250000,
  "dPpar":        3.26,
  "dPper":        3.08,
  "fSlon":        0.0,
  "CSP":          1.0,
  "dSlon":        0.0
}
