{
  "lSlon":        1.00,
  "lPlon":        1.00,
  "lPpar":        1.00,
  "lPper":        1.00,
  "pSlon":        0.00,
  "pPlon":        0.00,
  "pPpar":        0.00,
  "pPper":        0.00,
  "DGd":          0.00,
  "DGsd":         0.00,//0.00044
  "DGs":          0.00,
  "Gd":           0.65789,//0.65833,
  "DM":           0.0,
  "fPlon":        0.6001,
  "fPper":        0.1601,
  "dPlon":        0.00,
  "dPpar":        2.501,
  "dPper":        -0.17,
  "fSlon":        0.0,
  "CSP":          1.0,
  "dSlon":        0.0
}
