{
  "constants": {
    "MC_Bs2JpsiPhi": { "mu": 0, "sigma": 0.0417, "DGsd": 0.003486 },
    "MC_Bs2JpsiKK_Swave": { "mu": 0, "sigma": 0.0417, "DGsd": 0.00351 },
    "MC_Bs2JpsiPhi_dG0": { "mu": 0, "sigma": 0.0417, "DGsd": 0.003486 },
    "MC_Bd2JpsiKstar": { "mu": 0, "sigma": 0.03864, "DGsd": 0.00044 },
    "Bd2JpsiKstar": { "mu": 0, "sigma": 0.04244, "DGsd": 0.0 },
    "MC_Bu2JpsiKplus": { "mu": 0, "sigma": 0.03864, "DGsd": -0.04739 },
    "Bu2JpsiKplus": { "mu": 0, "sigma": 0.04244, "DGsd": -0.04739 }
  },
  "bdtconfig": {
    "n_estimators": 20,
    "learning_rate": 0.1,
    "max_depth": 3,
    "min_samples_leaf": 1000,
    "gb_args": { "subsample": 1 }
  },
  "knots": {
    "2": [0.3, 0.91, 2.0, 15.0],
    "3": [0.3, 0.91, 1.96, 9.0, 15.0],
    "4": [0.3, 0.74, 1.35, 2.4, 9.0, 15.0],
    "5": [0.3, 0.64, 1.07, 1.69, 2.74, 9.0, 15.0],
    "6": [0.3, 0.58, 0.91, 1.35, 1.96, 3.01, 7.0, 15.0],
    "7": [0.3, 0.53, 0.81, 1.15, 1.58, 2.2, 3.25, 9.0, 15.0],
    "8": [0.3, 0.5, 0.74, 1.01, 1.35, 1.79, 2.4, 3.45, 9.0, 15.0],
    "9": [0.3, 0.48, 0.68, 0.91, 1.19, 1.53, 1.96, 2.58, 3.63, 9.0, 15.0],
    "10": [
      0.3, 0.46, 0.64, 0.84, 1.07, 1.35, 1.69, 2.12, 2.74, 3.79, 7.0, 15.0
    ],
    "11": [
      0.3, 0.44, 0.6, 0.78, 0.98, 1.22, 1.49, 1.83, 2.27, 2.88, 3.93, 7.0, 15.0
    ],
    "12": [
      0.3, 0.43, 0.58, 0.74, 0.91, 1.12, 1.35, 1.63, 1.96, 2.4, 3.01, 4.06, 7.0,
      15.0
    ]
  }
}
