{
  "lSlon":        1.0,
  "lPlon":        1.0,
  "lPpar":        1.0,
  "lPper":        1.0,
  "pSlon":        0.07,
  "pPlon":        0.07,
  "pPpar":        0.07,
  "pPper":        0.07,
  "DGd":          0,
  "DGsd":         0.0034801,
  "DGs":          0,
  "Gd":           0.65789,
  "DM":           17.8,
  "APlon":        0.520935,
  "APper":        0.248826,
  "dPlon":        0,
  "dPpar":        3.3,
  "dPper":        3.07,
  "ASlon":        0.0,
  "CSP":          1.0,
  "dSlon":        3.87
}
