{
  "lSlon":         1,
  "lPlon":         1,
  "lPpar":         1,
  "lPper":         1,
  "pSlon":         0,
  "pPlon":         0,
  "pPpar":         0,
  "pPper":         0,
  "DGd":           0,
  "DGsd":          0.0,//0.00044
  "DGs":           0,
  "Gd":            0.65789,//0.65833,
  "DM":            0.0,//0.505
  "fSlon1":        0.115,
  "fSlon2":        0.049,
  "fSlon3":        0.052,
  "fSlon4":        0.105,
  "fPlon":         0.572,
  "fPper":         0.201,
  "dPlon":         0,
  "dPpar":         -2.94,
  "dPper":         2.94,
  "dSlon1":        0.15,
  "dSlon2":        -0.28,
  "dSlon3":        -1.0,
  "dSlon4":        -1.43,
  "CSP1":          0.984,
  "CSP2":          0.946,
  "CSP3":          0.948,
  "CSP4":          0.985
}
